{
  "loss": [
    3.2395215034484863,
    2.5491952896118164,
    2.18005108833313,
    1.9580366611480713,
    1.7867597341537476,
    1.6056714057922363,
    1.467668890953064,
    1.4231654405593872,
    1.3325599431991577,
    1.247489333152771,
    1.1900386810302734,
    1.125457763671875,
    1.1017718315124512,
    1.0604366064071655,
    1.0116056203842163,
    1.0156066417694092,
    0.974133312702179,
    0.9130099415779114,
    0.9011801481246948,
    0.8669053912162781,
    0.8352587223052979,
    0.8468916416168213,
    0.8546537160873413,
    0.8162503838539124,
    0.8350645303726196,
    0.7991237044334412,
    0.7902148962020874,
    0.7782805562019348,
    0.7501235604286194,
    0.7806220054626465,
    0.7403811812400818,
    0.709951639175415,
    0.7111877799034119,
    0.6864343285560608,
    0.6962306499481201,
    0.6959435343742371,
    0.6768571138381958,
    0.6659568548202515,
    0.679912269115448,
    0.6366123557090759,
    0.6608089804649353,
    0.6412376165390015,
    0.6245143413543701,
    0.616605818271637,
    0.6270415186882019,
    0.6258165240287781,
    0.6162837147712708,
    0.6339569091796875,
    0.6322522163391113,
    0.6444798111915588,
    0.625296413898468,
    0.6095072627067566,
    0.602229118347168,
    0.5850884318351746,
    0.5993085503578186,
    0.6018325090408325,
    0.5748597383499146,
    0.5724042057991028,
    0.585816502571106,
    0.5778250694274902,
    0.5586084723472595,
    0.5467199087142944,
    0.5455629825592041,
    0.5338361263275146,
    0.5390841364860535,
    0.5232419371604919,
    0.5296950936317444,
    0.5402957201004028,
    0.5281418561935425,
    0.5134115219116211,
    0.5346500277519226,
    0.5315627455711365,
    0.5112791657447815,
    0.5157209038734436,
    0.5111861824989319,
    0.504348874092102,
    0.5055850744247437,
    0.5019309520721436,
    0.5245504975318909,
    0.50818932056427,
    0.5073080062866211,
    0.48696163296699524,
    0.5012295842170715,
    0.5053633451461792,
    0.4991374611854553,
    0.4896661341190338,
    0.5125240683555603,
    0.4848591983318329,
    0.49368226528167725,
    0.482406347990036,
    0.48999038338661194,
    0.47185540199279785,
    0.4805152118206024,
    0.47059643268585205,
    0.488981157541275,
    0.469977468252182,
    0.47572949528694153,
    0.4809463918209076
  ],
  "accuracy": [
    0.15822002291679382,
    0.27812114357948303,
    0.4351050555706024,
    0.4697156846523285,
    0.5562422871589661,
    0.6155747771263123,
    0.6674907207489014,
    0.6773794889450073,
    0.7008652687072754,
    0.7441285252571106,
    0.7799752950668335,
    0.7997527718544006,
    0.8195303082466125,
    0.8108776211738586,
    0.8281829357147217,
    0.8318912386894226,
    0.8504326343536377,
    0.8763905763626099,
    0.8800988793373108,
    0.8875154256820679,
    0.8974041938781738,
    0.9035846590995789,
    0.8949320316314697,
    0.8961681127548218,
    0.8887515664100647,
    0.9085290431976318,
    0.9122373461723328,
    0.9233621954917908,
    0.933250904083252,
    0.9208899736404419,
    0.9320148229598999,
    0.9530284404754639,
    0.9406675100326538,
    0.9480840563774109,
    0.950556218624115,
    0.9468479752540588,
    0.9517923593521118,
    0.9517923593521118,
    0.9493201375007629,
    0.9592089056968689,
    0.955500602722168,
    0.95673668384552,
    0.961681067943573,
    0.9690976738929749,
    0.9641532897949219,
    0.9629172086715698,
    0.9653893709182739,
    0.9592089056968689,
    0.9653893709182739,
    0.950556218624115,
    0.955500602722168,
    0.961681067943573,
    0.9592089056968689,
    0.9690976738929749,
    0.971569836139679,
    0.960444986820221,
    0.9740419983863831,
    0.9641532897949219,
    0.9703337550163269,
    0.971569836139679,
    0.9765142202377319,
    0.977750301361084,
    0.982694685459137,
    0.982694685459137,
    0.982694685459137,
    0.9814586043357849,
    0.978986382484436,
    0.9765142202377319,
    0.983930766582489,
    0.988875150680542,
    0.9740419983863831,
    0.972805917263031,
    0.990111231803894,
    0.978986382484436,
    0.9814586043357849,
    0.9851668477058411,
    0.983930766582489,
    0.9876390695571899,
    0.972805917263031,
    0.9851668477058411,
    0.982694685459137,
    0.9925834536552429,
    0.9802225232124329,
    0.9851668477058411,
    0.9876390695571899,
    0.988875150680542,
    0.982694685459137,
    0.9876390695571899,
    0.982694685459137,
    0.9864029884338379,
    0.9876390695571899,
    0.990111231803894,
    0.9876390695571899,
    0.9925834536552429,
    0.983930766582489,
    0.9913473129272461,
    0.9864029884338379,
    0.9851668477058411
  ],
  "val_loss": [
    2.4641013145446777,
    2.1415178775787354,
    1.9001222848892212,
    1.684714674949646,
    1.5281764268875122,
    1.394976258277893,
    1.3000400066375732,
    1.210971474647522,
    1.1568512916564941,
    1.082827091217041,
    1.0377683639526367,
    1.0286310911178589,
    0.9973853230476379,
    0.9753351807594299,
    0.9564635753631592,
    0.9188765287399292,
    0.9165507555007935,
    0.9163230657577515,
    0.9050707221031189,
    0.8963015675544739,
    0.9032737612724304,
    0.9073255062103271,
    0.8932386636734009,
    0.8814821243286133,
    0.859012246131897,
    0.8671814799308777,
    0.8825200200080872,
    0.8573085069656372,
    0.8679633736610413,
    0.8729961514472961,
    0.8568251132965088,
    0.8620895147323608,
    0.8757439851760864,
    0.8497201800346375,
    0.8759589791297913,
    0.852695882320404,
    0.8754851222038269,
    0.8791034817695618,
    0.8431085348129272,
    0.8402277827262878,
    0.8368059992790222,
    0.8602045178413391,
    0.8572952151298523,
    0.8263724446296692,
    0.8284690976142883,
    0.8412368893623352,
    0.8575995564460754,
    0.8423692584037781,
    0.8148090839385986,
    0.8271294236183167,
    0.8332692384719849,
    0.820130467414856,
    0.819616436958313,
    0.824252188205719,
    0.8219179511070251,
    0.8097255825996399,
    0.822510302066803,
    0.8479637503623962,
    0.8109885454177856,
    0.81548672914505,
    0.8224294781684875,
    0.8272886872291565,
    0.8385534882545471,
    0.8299378156661987,
    0.8214177489280701,
    0.8244168162345886,
    0.824651837348938,
    0.7978373765945435,
    0.8192954063415527,
    0.834536612033844,
    0.8246610760688782,
    0.8378246426582336,
    0.7810594439506531,
    0.7945221662521362,
    0.8214031457901001,
    0.8147936463356018,
    0.7805714011192322,
    0.7612891793251038,
    0.7673477530479431,
    0.7864391803741455,
    0.7682431936264038,
    0.768069326877594,
    0.7999027967453003,
    0.8510164618492126,
    0.8117603063583374,
    0.8016670346260071,
    0.7934327721595764,
    0.8046179413795471,
    0.7932039499282837,
    0.7845161557197571,
    0.8032600283622742,
    0.784060001373291,
    0.7871443033218384,
    0.7885710000991821,
    0.799281895160675,
    0.7923806309700012,
    0.7821012139320374,
    0.7767168879508972
  ],