{
  "loss": [
    2.8318417072296143,
    2.3237671852111816,
    1.9637819528579712,
    1.7951644659042358,
    1.6339586973190308,
    1.487349510192871,
    1.433709740638733,
    1.2929242849349976,
    1.2626245021820068,
    1.2152137756347656,
    1.152721643447876,
    1.115068793296814,
    1.1215206384658813,
    1.073185682296753,
    1.02811861038208,
    1.0114537477493286,
    0.9976835250854492,
    0.937285304069519,
    0.9064103364944458,
    0.899014949798584,
    0.8871205449104309,
    0.8656914830207825,
    0.8203662037849426,
    0.8012906312942505,
    0.8174307942390442,
    0.7970470190048218,
    0.7770029902458191,
    0.8054669499397278,
    0.7399082779884338,
    0.759868860244751,
    0.7205662131309509,
    0.7395729422569275,
    0.7280451655387878,
    0.7051251530647278,
    0.6957662105560303,
    0.6782450079917908,
    0.6980440616607666,
    0.6530557870864868,
    0.6563495397567749,
    0.6900831460952759,
    0.6651256084442139,
    0.6311442255973816,
    0.631068229675293,
    0.6324509382247925,
    0.643856406211853,
    0.6359294652938843,
    0.6321067810058594,
    0.6191105842590332,
    0.6013588905334473,
    0.613226056098938,
    0.6068199276924133,
    0.5829008221626282,
    0.589948832988739,
    0.5802743434906006,
    0.5729514360427856,
    0.5926527976989746,
    0.5650268793106079,
    0.5943162441253662,
    0.5681641697883606,
    0.5544003844261169,
    0.5696498155593872,
    0.5752096772193909,
    0.5593540668487549,
    0.5541076064109802,
    0.5491202473640442,
    0.5457544326782227,
    0.5262607336044312,
    0.5305379629135132,
    0.5340095162391663,
    0.509384274482727,
    0.5149572491645813,
    0.5225951671600342,
    0.5086153745651245,
    0.5196136236190796,
    0.49354317784309387,
    0.4994809329509735,
    0.4945524334907532,
    0.4877137243747711,
    0.4977831542491913,
    0.495583713054657,
    0.4976058304309845,
    0.49525412917137146,
    0.49558985233306885,
    0.4809158146381378,
    0.49544525146484375,
    0.487051784992218,
    0.4961833655834198,
    0.48589396476745605,
    0.47300368547439575,
    0.47395360469818115,
    0.4744656980037689,
    0.47329962253570557,
    0.47670242190361023,
    0.49749916791915894
  ],
  "accuracy": [
    0.2521631717681885,
    0.3337453603744507,
    0.46353521943092346,
    0.5364647507667542,
    0.5760197639465332,
    0.6304079294204712,
    0.6699629426002502,
    0.7156984210014343,
    0.7169345021247864,
    0.7379480600357056,
    0.7626699805259705,
    0.7849196791648865,
    0.7898640036582947,
    0.8059332370758057,
    0.8121137022972107,
    0.8368356227874756,
    0.8195303082466125,
    0.8578491806983948,
    0.8689740300178528,
    0.8788627982139587,
    0.8912237286567688,
    0.8776267170906067,
    0.9097651243209839,
    0.9122373461723328,
    0.9048207402229309,
    0.9072929620742798,
    0.9048207402229309,
    0.8949320316314697,
    0.9369592070579529,
    0.9196538925170898,
    0.9369592070579529,
    0.9184178113937378,
    0.9233621954917908,
    0.9406675100326538,
    0.9456118941307068,
    0.955500602722168,
    0.939431369304657,
    0.9542645215988159,
    0.955500602722168,
    0.9431396722793579,
    0.9480840563774109,
    0.960444986820221,
    0.9629172086715698,
    0.9592089056968689,
    0.9542645215988159,
    0.9542645215988159,
    0.95673668384552,
    0.9629172086715698,
    0.961681067943573,
    0.9629172086715698,
    0.9641532897949219,
    0.971569836139679,
    0.9690976738929749,
    0.967861533164978,
    0.966625452041626,
    0.966625452041626,
    0.9752781391143799,
    0.95673668384552,
    0.9740419983863831,
    0.978986382484436,
    0.967861533164978,
    0.967861533164978,
    0.9703337550163269,
    0.9752781391143799,
    0.9752781391143799,
    0.9703337550163269,
    0.982694685459137,
    0.978986382484436,
    0.9740419983863831,
    0.9864029884338379,
    0.977750301361084,
    0.9752781391143799,
    0.983930766582489,
    0.9814586043357849,
    0.9851668477058411,
    0.983930766582489,
    0.9876390695571899,
    0.9913473129272461,
    0.982694685459137,
    0.9864029884338379,
    0.983930766582489,
    0.9851668477058411,
    0.9802225232124329,
    0.990111231803894,
    0.9814586043357849,
    0.982694685459137,
    0.9814586043357849,
    0.9851668477058411,
    0.9913473129272461,
    0.9913473129272461,
    0.993819534778595,
    0.988875150680542,
    0.988875150680542,
    0.9752781391143799
  ],
  "val_loss": [
    2.113302707672119,
    1.8630311489105225,
    1.6493334770202637,
    1.5173753499984741,
    1.4014968872070312,
    1.2981626987457275,
    1.2388759851455688,
    1.182248592376709,
    1.1340841054916382,
    1.101676106452942,
    1.0718433856964111,
    1.0408350229263306,
    1.0250229835510254,
    1.008978247642517,
    0.9854621291160583,
    0.9684267044067383,
    0.9327204823493958,
    0.9284489750862122,
    0.9211524128913879,
    0.9108177423477173,
    0.8899797201156616,
    0.8950181603431702,
    0.9038216471672058,
    0.8774053454399109,
    0.884925127029419,
    0.8619492053985596,
    0.8566796183586121,
    0.8787454962730408,
    0.856241762638092,
    0.8601034879684448,
    0.8314353227615356,
    0.8507272005081177,
    0.8522261381149292,
    0.8366839289665222,
    0.8192226886749268,
    0.8431451916694641,
    0.8000655174255371,
    0.8312976360321045,
    0.8438303470611572,
    0.8089746832847595,
    0.805701494216919,
    0.782991886138916,
    0.8147386908531189,
    0.8142340779304504,
    0.7925259470939636,
    0.7535852193832397,
    0.7658668756484985,
    0.7838466167449951,
    0.786959171295166,
    0.767099916934967,
    0.765017569065094,
    0.755058765411377,
    0.7775710821151733,
    0.8030530214309692,
    0.7577413320541382,
    0.7529597282409668,
    0.7420880794525146,
    0.7415305376052856,
    0.8006288409233093,
    0.7507898211479187,
    0.7978441119194031,
    0.8197148442268372,
    0.7656196355819702,
    0.7435015439987183,
    0.7853426337242126,
    0.7897197008132935,
    0.7669019103050232,
    0.7534940242767334,
    0.7532055377960205,
    0.7773166298866272,
    0.7784613966941833,
    0.7586116790771484,
    0.7394374012947083,
    0.7194536924362183,
    0.7437654733657837,
    0.7785995602607727,
    0.7650639414787292,
    0.7680304050445557,
    0.7304143309593201,
    0.7445043325424194,
    0.7444877624511719,
    0.7355542182922363,
    0.7283023595809937,
    0.7438452243804932,
    0.7436673641204834,
    0.7291958332061768,
    0.7311635613441467,
    0.7581729888916016,
    0.7496420741081238,
    0.7535658478736877,
    0.7423046827316284,
    0.7291135787963867,
    0.7250820398330688,
    0.7312578558921814
  ],